{
    "ExposureTime": 10000,
    "OLDanglePolyCoefficients": {
        "x1": 3.204,
        "x2": 0.01556,
        "x3": -0.0009267,
        "x4": 8.243e-06,
        "x5": -2.124e-08
    },
    "Saturation": 3.0,
    "addresses": {
        "captureTof": 87,
        "dribbler": 30,
        "motors": [
            25,
            26,
            28,
            27
        ],
        "switchLeft": 22,
        "switchRight": 10,
        "tofs": null
    },
    "anglePolyCoefficients": {
        "x1": 3.225,
        "x2": 0.01646,
        "x3": -0.0009405,
        "x4": 8.243e-06,
        "x5": -2.124e-08
    },
    "backingDistance": 21.0,
    "blindnessTimer": 200,
    "cameraMasks": [
        {
            "center": [
                397,
                407
            ],
            "colour": [
                50,
                50,
                255
            ],
            "endAngle": 309,
            "radius": 199,
            "startAngle": 52,
            "type": "sector"
        },
        {
            "center": [
                397,
                407
            ],
            "colour": [
                255,
                100,
                50
            ],
            "endAngle": 334,
            "radius": 177,
            "startAngle": 27,
            "type": "sector"
        },
        {
            "center": [
                197,
                363
            ],
            "colour": [
                50,
                120,
                220
            ],
            "radius": 10,
            "type": "circle"
        },
        {
            "x": 397,
            "y": 327,
            "w": 160,
            "h": 160,
            "colour": [
                50,
                120,
                220
            ],
            "type": "rect"
        }
    ],
    "cameraOrientation": 180,
    "center": [
        397,
        407
    ],
    "colours": {
        "ball": [
            0,
            222,
            144,
            4,
            255,
            255
        ],
        "blue": [
            98,
            237,
            149,
            108,
            255,
            234
        ],
        "field": [
            54,
            239,
            46,
            62,
            255,
            130
        ],
        "lines": [
            83,
            109,
            192,
            92,
            201,
            255
        ],
        "yellow": [
            50,
            194,
            81,
            69,
            255,
            186
        ]
    },
    "corners": {
        "BottomLeft": {
            "blue": {
                "angle": 135.98350465407265,
                "dist": 33.21208683340218
            },
            "front": "yellow",
            "yellow": {
                "angle": 10.678911833324321,
                "dist": 104.46513116197968
            }
        },
        "BottomRight": {
            "blue": {
                "angle": -124.02795439537825,
                "dist": 41.06401343495647
            },
            "front": "yellow",
            "yellow": {
                "angle": -12.302910449523239,
                "dist": 108.28446648998451
            }
        },
        "TopLeft": {
            "blue": {
                "angle": 164.33623981856778,
                "dist": 85.17791371311367
            },
            "front": "yellow",
            "yellow": {
                "angle": 50.734445432402,
                "dist": 31.248769274555425
            }
        },
        "TopRight": {
            "blue": {
                "angle": -165.65082920573442,
                "dist": 80.5083554999832
            },
            "front": "yellow",
            "yellow": {
                "angle": -47.02347964691185,
                "dist": 35.630960368893
            }
        }
    },
    "directionBias": 50000000,
    "id": "TS-chopped",
    "maintainOrientationTurnSpeed": 0.03,
    "settings": {
        "ball": {
            "maximum_span": 49.8,
            "minimum_conglomerate": 11,
            "minimum_contour_size": 2
        },
        "blue": {
            "maximum_span": 145.4,
            "minimum_conglomerate": 10,
            "minimum_contour_size": 4
        },
        "field": {
            "maximum_span": 11.9,
            "minimum_conglomerate": 44,
            "minimum_contour_size": 30
        },
        "lines": {
            "maximum_span": 199.0,
            "minimum_conglomerate": 10,
            "minimum_contour_size": 23
        },
        "yellow": {
            "maximum_span": 131.0,
            "minimum_conglomerate": 10,
            "minimum_contour_size": 6
        }
    },
    "speedBias": {
        "forwardDamping": -0.41,
        "sideDamping": 0.3
    },
    "speedCenter": 1.0,
    "speedDribble": 0.7,
    "speedDrive": 0.9,
    "speedMax": 0.9,
    "targetGoal": "yellow",
    "tofPositions": [
        36,
        108,
        180,
        252,
        324
    ],
    "wheelPositions": [
        0,
        1,
        2,
        3
    ]
}
