{
    "ExposureTime": 10000,
    "OLDanglePolyCoefficients": {
        "x1": 3.204,
        "x2": 0.01556,
        "x3": -0.0009267,
        "x4": 8.243e-06,
        "x5": -2.124e-08
    },
    "Saturation": 3.0,
    "addresses": {
        "captureTof": 87,
        "dribbler": 30,
        "motors": [
            25,
            26,
            28,
            27
        ],
        "switchLeft": 22,
        "switchRight": 10,
        "tofs": null
    },
    "anglePolyCoefficients": {
        "x1": 3.225,
        "x2": 0.01646,
        "x3": -0.0009405,
        "x4": 8.243e-06,
        "x5": -2.124e-08
    },
    "backingDistance": 41.0,
    "blindnessTimer": 200,
    "cameraMasks": [
        {
            "center": [
                397,
                409
            ],
            "colour": [
                50,
                50,
                255
            ],
            "endAngle": 309,
            "radius": 203,
            "startAngle": 52,
            "type": "sector"
        },
        {
            "center": [
                397,
                409
            ],
            "colour": [
                255,
                100,
                50
            ],
            "endAngle": 334,
            "radius": 177,
            "startAngle": 27,
            "type": "sector"
        },
        {
            "center": [
                199,
                343
            ],
            "colour": [
                50,
                120,
                220
            ],
            "radius": 10,
            "type": "circle"
        },
        {
            "colour": [
                50,
                120,
                220
            ],
            "h": 160,
            "type": "rect",
            "w": 160,
            "x": 397,
            "y": 327
        }
    ],
    "cameraOrientation": 180,
    "center": [
        397,
        409
    ],
    "colours": {
        "ball": [
            0,
            222,
            144,
            4,
            255,
            255
        ],
        "blue": [
            99,
            242,
            168,
            106,
            255,
            234
        ],
        "field": [
            54,
            239,
            46,
            62,
            255,
            130
        ],
        "lines": [
            83,
            109,
            192,
            92,
            201,
            255
        ],
        "yellow": [
            19,
            242,
            148,
            24,
            255,
            185
        ]
    },
    "corners": {
        "BottomLeft": {
            "blue": {
                "angle": -15.979659182429145,
                "dist": 102.0457662999338
            },
            "front": "blue",
            "yellow": {
                "angle": 105.04165428266288,
                "dist": 30.2008412238093
            }
        },
        "BottomRight": {
            "blue": {
                "angle": -7.858393950401108,
                "dist": 106.79580174607437
            },
            "front": "blue",
            "yellow": {
                "angle": -122.256862808484,
                "dist": 25.054037150200276
            }
        },
        "TopLeft": {
            "blue": {
                "angle": 52.68215165117152,
                "dist": 26.019243365927892
            },
            "front": "blue",
            "yellow": {
                "angle": -194.75396119087617,
                "dist": 99.55155455446491
            }
        },
        "TopRight": {
            "blue": {
                "angle": -52.6747168381805,
                "dist": 24.465090676495354
            },
            "front": "blue",
            "yellow": {
                "angle": -170.86613775836094,
                "dist": 95.25160691709382
            }
        }
    },
    "directionBias": 50000000,
    "id": "TS-chopped",
    "maintainOrientationTurnSpeed": 0.03,
    "settings": {
        "ball": {
            "maximum_span": 49.8,
            "minimum_conglomerate": 11,
            "minimum_contour_size": 2
        },
        "blue": {
            "maximum_span": 145.4,
            "minimum_conglomerate": 10,
            "minimum_contour_size": 4
        },
        "field": {
            "maximum_span": 11.9,
            "minimum_conglomerate": 44,
            "minimum_contour_size": 30
        },
        "lines": {
            "maximum_span": 199.0,
            "minimum_conglomerate": 10,
            "minimum_contour_size": 23
        },
        "yellow": {
            "maximum_span": 131.0,
            "minimum_conglomerate": 10,
            "minimum_contour_size": 6
        }
    },
    "speedBias": {
        "forwardDamping": -0.41,
        "sideDamping": 0.3
    },
    "speedCenter": 1.0,
    "speedDribble": 0.7,
    "speedDrive": 0.9,
    "speedMax": 1.0,
    "targetGoal": "yellow",
    "tofPositions": [
        36,
        108,
        180,
        252,
        324
    ],
    "wheelPositions": [
        0,
        1,
        2,
        3
    ]
}
