{
    "ExposureTime": 10000,
    "OLDanglePolyCoefficients": {
        "x1": 3.204,
        "x2": 0.01556,
        "x3": -0.0009267,
        "x4": 8.243e-06,
        "x5": -2.124e-08
    },
    "Saturation": 3.0,
    "addresses": {
        "captureTof": 87,
        "dribbler": 30,
        "motors": [
            25,
            26,
            28,
            27
        ],
        "switchLeft": 22,
        "switchRight": 10,
        "tofs": null
    },
    "anglePolyCoefficients": {
        "x1": 3.225,
        "x2": 0.01646,
        "x3": -0.0009405,
        "x4": 8.243e-06,
        "x5": -2.124e-08
    },
    "backingDistance": 21.0,
    "blindnessTimer": 200,
    "cameraMasks": [
        {
            "center": [
                390,
                410
            ],
            "colour": [
                0,
                255,
                0
            ],
            "endAngle": 310,
            "radius": 200,
            "startAngle": 50,
            "type": "sector"
        },
        {
            "center": [
                390,
                410
            ],
            "colour": [
                0,
                255,
                0
            ],
            "radius": 175,
            "type": "circle"
        },
        {
            "center": [
                196,
                338
            ],
            "colour": [
                0,
                255,
                0
            ],
            "radius": 12,
            "type": "circle"
        }
    ],
    "cameraOrientation": 180,
    "center": [
        390,
        410
    ],
    "colours": {
        "ball": [
            0,
            222,
            144,
            4,
            255,
            255
        ],
        "blue": [
            98,
            237,
            149,
            108,
            255,
            234
        ],
        "field": [
            54,
            239,
            46,
            62,
            255,
            130
        ],
        "lines": [
            83,
            109,
            192,
            92,
            201,
            255
        ],
        "yellow": [
            50,
            194,
            81,
            69,
            255,
            186
        ]
    },
    "corners": {
        "BottomLeft": {
            "blue": [
                107.06893500840596,
                41.823322980798494
            ],
            "front": "yellow",
            "yellow": [
                5.741113261689094,
                132.04705302740348
            ]
        },
        "BottomRight": {
            "blue": [
                -106.6844971486926,
                53.57284671736947
            ],
            "front": "yellow",
            "yellow": [
                -11.41311932022677,
                116.65686762949446
            ]
        },
        "TopLeft": {
            "blue": [
                165.6603008824889,
                104.22709196821631
            ],
            "front": "yellow",
            "yellow": [
                62.277358046695085,
                46.581088169989684
            ]
        },
        "TopRight": {
            "blue": [
                199.7172236477839,
                95.49858667724654
            ],
            "front": "yellow",
            "yellow": [
                -59.22811334554625,
                33.02360822791141
            ]
        }
    },
    "directionBias": 50000000,
    "id": "TS-chopped",
    "maintainOrientationTurnSpeed": 0.03,
    "settings": {
        "ball": {
            "maximum_span": 49.8,
            "minimum_conglomerate": 11,
            "minimum_contour_size": 2
        },
        "blue": {
            "maximum_span": 145.4,
            "minimum_conglomerate": 10,
            "minimum_contour_size": 4
        },
        "field": {
            "maximum_span": 11.9,
            "minimum_conglomerate": 44,
            "minimum_contour_size": 30
        },
        "lines": {
            "maximum_span": 199.0,
            "minimum_conglomerate": 10,
            "minimum_contour_size": 23
        },
        "yellow": {
            "maximum_span": 131.0,
            "minimum_conglomerate": 10,
            "minimum_contour_size": 6
        }
    },
    "speedBias": {
        "forwardDamping": -0.41,
        "sideDamping": 0.30
    },
    "speedCenter": 1.0,
    "speedDribble": 0.7,
    "speedDrive": 0.9,
    "speedMax": 0.9,
    "targetGoal": "yellow",
    "tofPositions": [
        36,
        108,
        180,
        252,
        324
    ],
    "wheelPositions": [
        0,
        1,
        2,
        3
    ]
}
