{
    "ExposureTime": 10000,
    "OLDanglePolyCoefficients": {
        "x1": 3.204,
        "x2": 0.01556,
        "x3": -0.0009267,
        "x4": 8.243e-06,
        "x5": -2.124e-08
    },
    "Saturation": 3.0,
    "addresses": {
        "captureTof": 87,
        "dribbler": 30,
        "motors": [
            25,
            26,
            28,
            27
        ],
        "switchLeft": 22,
        "switchRight": 10,
        "tofs": null
    },
    "anglePolyCoefficients": {
        "x1": 3.225,
        "x2": 0.01646,
        "x3": -0.0009405,
        "x4": 8.243e-06,
        "x5": -2.124e-08
    },
    "backingDistance": 35.0,
    "blindnessTimer": 200,
    "cameraMasks": [
        {
            "center": [
                298,
                307
            ],
            "colour": [
                50,
                50,
                255
            ],
            "endAngle": 309,
            "radius": 154,
            "startAngle": 52,
            "type": "sector"
        },
        {
            "center": [
                298,
                307
            ],
            "colour": [
                255,
                100,
                50
            ],
            "endAngle": 334,
            "radius": 133,
            "startAngle": 27,
            "type": "sector"
        },
        {
            "center": [
                149,
                257
            ],
            "colour": [
                50,
                120,
                220
            ],
            "radius": 8,
            "type": "circle"
        },
        {
            "colour": [
                50,
                120,
                220
            ],
            "h": 120,
            "type": "rect",
            "w": 120,
            "x": 293,
            "y": 245
        }
    ],
    "cameraOrientation": 180,
    "center": [
        298,
        307
    ],
    "colours": {
        "ball": [
            0,
            222,
            144,
            4,
            255,
            255
        ],
        "blue": [
            92,
            242,
            155,
            110,
            255,
            236
        ],
        "field": [
            60,
            238,
            23,
            66,
            255,
            147
        ],
        "hands": [
            7,
            182,
            198,
            24,
            255,
            255
        ],
        "lines": [
            68,
            63,
            67,
            87,
            255,
            194
        ],
        "yellow": [
            14,
            202,
            97,
            23,
            255,
            177
        ]
    },
    "corners": {
        "BottomLeft": {
            "blue": {
                "angle": 20.08156046745907,
                "dist": 98.15114109318638
            },
            "front": "blue",
            "yellow": {
                "angle": 108.15665292556963,
                "dist": 69.48872379532811
            }
        },
        "BottomRight": {
            "blue": {
                "angle": -20.934983942308534,
                "dist": 100.75460185183022
            },
            "front": "blue",
            "yellow": {
                "angle": -118.1985093948981,
                "dist": 60.73327443324828
            }
        },
        "TopLeft": {
            "blue": {
                "angle": 82.61686136041072,
                "dist": 57.18165582488109
            },
            "front": "blue",
            "yellow": {
                "angle": 161.36493853332962,
                "dist": 117.68142630993016
            }
        },
        "TopRight": {
            "blue": {
                "angle": -77.91594935408152,
                "dist": 52.68812990541469
            },
            "front": "blue",
            "yellow": {
                "angle": -161.3783315322235,
                "dist": 123.48895453598558
            }
        }
    },
    "directionBias": 50000000,
    "id": "TS-chopped",
    "maintainOrientationTurnSpeed": 0.067,
    "settings": {
        "ball": {
            "maximum_span": 34.1,
            "minimum_conglomerate": 13,
            "minimum_contour_size": 2
        },
        "blue": {
            "maximum_span": 34.1,
            "minimum_conglomerate": 10,
            "minimum_contour_size": 13
        },
        "field": {
            "maximum_span": 11.9,
            "minimum_conglomerate": 44,
            "minimum_contour_size": 30
        },
        "hands": {
            "maximum_span": 131.0,
            "minimum_conglomerate": 10,
            "minimum_contour_size": 6
        },
        "lines": {
            "maximum_span": 199.0,
            "minimum_conglomerate": 10,
            "minimum_contour_size": 23
        },
        "yellow": {
            "maximum_span": 30.2,
            "minimum_conglomerate": 10,
            "minimum_contour_size": 3
        }
    },
    "speedBias": {
        "forwardDamping": 0.5,
        "sideDamping": 0.35
    },
    "speedCenter": 0.1,
    "speedDribble": 0.3,
    "speedDrive": 0.6,
    "speedMax": 0.6,
    "targetGoal": "yellow",
    "tofPositions": [
        36,
        108,
        180,
        252,
        324
    ],
    "wheelPositions": [
        0,
        1,
        2,
        3
    ]
}
